"directory"	"filename"	"project_directory"	"%_count"	"&_count"	"*_count"	"-_count"	"/_count"	"<_count"	"=_count"	">_count"	"answer_count"	"append:toList:_count"	"bounceOffEdge_count"	"broadcast:_count"	"broadcasts_sent_to_received"	"call_count"	"changeGraphicEffect:by:_count"	"changeSizeBy:_count"	"changeVar:by:_count"	"changeVolumeBy:_count"	"changeXposBy:_count"	"changeYposBy:_count"	"clearPenTrails_count"	"comeToFront_count"	"concatenate:with:_count"	"costumeIndex_count"	"deleteLine:ofList:_count"	"doAsk_count"	"doBroadcastAndWait_count"	"doForever_count"	"doIfElse_count"	"doIf_count"	"doPlaySoundAndWait_count"	"doRepeat_count"	"doUntil_count"	"doWaitUntil_count"	"forward:_count"	"getAttribute:of:_count"	"getUserName_count"	"glideSecs:toX:y:elapsed:from:_count"	"goBackByLayers:_count"	"gotoSpriteOrMouse:_count"	"gotoX:y:_count"	"green_flag_to_total_scripts"	"heading:_count"	"heading_count"	"hideList:_count"	"hideVariable:_count"	"hide_count"	"lookLike:_count"	"mousePressed_count"	"mouseX_count"	"mouseY_count"	"nextCostume_count"	"nextScene_count"	"not_count"	"penColor:_count"	"penSize:_count"	"playSound:_count"	"pointTowards:_count"	"procDef_count"	"putPenDown_count"	"putPenUp_count"	"readVariable_count"	"say:_count"	"say:duration:elapsed:from:_count"	"scripts_with_whenGreenFlag"	"setGraphicEffect:to:_count"	"setRotationStyle_count"	"setSizeTo:_count"	"setVar:to:_count"	"setVolumeTo:_count"	"showList:_count"	"showVariable:_count"	"show_count"	"stampCostume_count"	"startSceneAndWait_count"	"startScene_count"	"stopAllSounds_count"	"stopScripts_count"	"think:_count"	"think:duration:elapsed:from:_count"	"total_scripts"	"touching:_count"	"touchingColor:_count"	"turnLeft:_count"	"turnRight:_count"	"wait:elapsed:from:_count"	"whenClicked_count"	"whenGreenFlag_count"	"whenIReceive_count"	"whenKeyPressed_count"	"whenSceneStarts_count"	"when_blocks"	"xpos:_count"	"yourself_count"	"ypos:_count"	"ypos_count"
"data/Scratch_Conf_data/1"	"about me sasha.sb2"	"1"	null	null	null	null	null	null	null	null	null	null	null	2	0.5	5	null	4	null	null	null	null	null	null	null	null	null	null	1	4	null	null	5	4	null	null	4	null	null	null	null	null	4	0.28	5	null	null	null	4	3	null	null	null	7	1	null	null	null	null	null	5	null	null	null	null	10	7	null	null	1	null	null	null	null	5	null	null	null	null	null	null	1	25	null	null	null	null	8	4	7	4	4	null	19	null	null	null	null
"data/Scratch_Conf_data/2"	"About Me_Ai.sb2"	"2"	null	null	null	null	null	null	null	null	null	null	null	null	0.0	null	null	null	null	null	null	null	null	null	null	null	null	null	null	null	null	null	null	5	null	null	4	null	null	2	null	null	10	0.8157894736842105	null	null	null	null	8	28	null	null	null	null	null	null	null	null	1	null	null	null	null	null	null	null	31	null	null	null	null	null	null	null	4	null	2	11	null	2	null	null	38	null	null	null	null	44	null	31	1	5	null	37	null	null	null	null
"data/Scratch_Conf_data/2mazegamesdifferentmusic"	"Originallycomposedsoundjs.sb2"	"2mazegamesdifferentmusic"	null	null	null	null	null	null	null	null	null	null	null	5	0.45454545454545453	null	null	null	null	null	null	null	null	1	null	null	null	null	3	15	null	16	2	2	null	null	8	null	null	9	null	null	1	0.5263157894736842	5	null	null	null	3	null	null	null	null	2	null	null	null	null	4	null	null	null	null	6	null	3	20	null	null	null	8	null	null	null	6	null	null	4	4	null	null	null	38	null	null	null	null	6	null	20	11	4	null	35	null	null	null	null
"data/Scratch_Conf_data/2mazegamesdifferentmusic"	"Soundfromgaragebandjs.sb2"	"2mazegamesdifferentmusic"	null	null	null	null	null	null	null	null	null	null	null	3	0.2727272727272727	null	null	null	null	null	null	null	null	1	null	null	null	null	1	13	null	13	1	1	null	null	8	null	null	9	null	null	1	0.5454545454545454	5	null	null	null	3	null	null	null	null	2	null	null	null	null	2	null	null	null	null	3	null	3	18	null	null	null	4	null	null	null	6	null	null	3	3	null	null	null	33	null	null	null	null	4	null	18	11	4	null	33	null	null	null	null
"data/Scratch_Conf_data/3"	"Basket.sb2"	"3"	1	1	null	null	2	null	1	null	null	null	null	3	Infinity	null	null	null	6	null	6	13	null	null	null	null	null	null	null	14	1	20	null	8	2	null	null	null	null	2	4	null	6	0.5483870967741935	null	null	null	null	null	6	null	null	null	null	null	7	null	null	null	null	null	null	null	9	null	null	17	1	null	null	13	null	null	null	2	null	null	null	null	3	null	null	31	7	1	2	2	7	null	17	null	3	null	20	1	null	1	null
"data/Scratch_Conf_data/4"	"Chi vuol essere Scratchonario-.sb2"	"4"	null	null	1	1	1	null	1	1	null	6	null	22	0.7586206896551724	null	null	null	8	4	null	null	null	null	3	null	5	null	null	18	3	56	null	7	2	19	null	null	1	null	null	null	13	0.21052631578947367	null	null	2	2	22	7	19	null	null	null	null	null	null	null	3	null	null	null	null	42	17	8	8	null	null	null	31	3	1	1	8	null	1	1	null	30	null	null	38	1	null	null	null	16	null	8	29	1	null	38	null	null	null	null
"data/Scratch_Conf_data/5"	"Cucina Molecolare - Perlificazione V2.sb2"	"5"	null	null	null	null	null	null	null	null	null	null	null	1	0.125	null	null	null	null	null	null	null	1	2	null	1	null	null	null	1	6	7	null	null	null	null	null	16	null	null	null	null	25	0.5263157894736842	4	1	null	null	null	10	null	1	1	null	null	null	null	null	null	null	null	null	null	null	null	null	10	null	null	8	null	null	null	null	8	8	null	null	null	null	null	null	19	null	null	null	null	null	1	10	8	null	null	19	null	null	null	2
"data/Scratch_Conf_data/Alexis"	"Sample Maze Game 1.sb2"	"Alexis"	null	null	null	null	null	null	null	null	null	null	null	null	NaN	null	null	null	null	null	2	2	null	null	null	null	null	null	null	5	null	5	null	null	null	null	2	null	null	1	null	null	2	0.5555555555555556	4	null	null	null	null	null	null	null	null	2	null	null	null	null	null	null	null	null	null	null	null	1	5	null	null	null	null	null	null	null	null	null	null	null	null	1	null	null	9	2	null	2	null	1	null	5	null	4	null	9	null	null	null	null
"data/Scratch_Conf_data/Alexis"	"Sample Maze Game 2.sb2"	"Alexis"	null	null	null	null	null	null	null	null	null	null	null	null	NaN	null	null	null	null	null	2	2	null	null	null	null	null	null	null	5	null	5	null	null	null	null	2	null	null	1	null	null	2	0.5555555555555556	4	null	null	null	null	null	null	null	null	2	null	null	null	null	null	null	null	null	null	null	null	1	5	null	null	null	null	null	null	null	null	null	null	null	null	1	null	null	9	2	null	2	null	1	null	5	null	4	null	9	null	null	null	null
"data/Scratch_Conf_data/Alexis"	"Sample Maze Game 3.sb2"	"Alexis"	null	null	null	null	null	null	null	null	null	null	null	null	NaN	null	null	null	null	null	2	2	null	null	null	null	null	null	null	5	null	5	null	null	null	null	2	null	null	1	null	null	2	0.6	4	null	null	null	null	null	null	null	null	2	null	null	null	null	null	null	null	null	null	null	null	1	6	null	null	null	null	null	null	null	null	null	null	2	null	1	null	null	10	2	null	2	null	1	null	6	null	4	null	10	null	null	null	null
"data/Scratch_Conf_data/Alexis"	"Sample Maze Game 4.sb2"	"Alexis"	null	null	null	null	null	null	null	null	null	null	null	null	NaN	null	null	null	null	null	4	4	null	null	null	null	null	null	null	7	null	7	null	null	null	null	2	null	null	2	null	null	4	0.5	6	null	null	null	null	null	null	null	null	4	null	null	null	null	null	null	null	null	null	null	null	1	8	null	null	null	null	null	null	null	null	null	null	2	null	1	null	null	16	4	null	2	null	1	null	8	null	8	null	16	null	null	null	null
"data/Scratch_Conf_data/Alexis"	"Sample Maze Game 5.sb2"	"Alexis"	null	null	null	null	null	null	null	null	null	null	null	null	NaN	null	null	null	null	null	4	4	null	null	null	null	null	null	null	7	null	7	null	null	null	null	2	null	null	2	null	null	4	0.5	6	null	null	null	null	null	null	null	null	4	null	null	null	null	null	null	null	null	null	null	null	1	8	null	null	null	null	null	null	null	null	null	null	2	null	1	null	null	16	4	null	2	null	1	null	8	null	8	null	16	null	null	null	null
"data/Scratch_Conf_data/Alma"	"lol troll meme lol_1.sb2"	"Alma"	null	null	null	null	null	null	null	null	null	null	null	null	NaN	null	null	null	2	null	null	null	null	null	null	null	null	null	null	8	1	8	null	null	null	null	4	null	null	null	null	null	9	1.0	4	null	null	null	1	null	null	null	null	null	null	null	null	null	null	1	null	null	null	null	null	5	9	null	null	null	1	null	null	null	2	null	null	null	null	null	null	null	9	null	null	null	null	4	null	9	null	null	null	9	null	null	null	null
"data/Scratch_Conf_data/Anne"	"Name85.sb2"	"Anne"	null	null	null	null	null	null	null	null	null	null	null	null	NaN	null	null	null	null	null	null	null	1	null	null	null	null	null	null	null	null	null	null	null	null	null	null	null	null	null	null	null	1	1.0	null	null	null	null	null	null	null	null	null	null	null	null	null	1	null	null	null	null	null	null	null	null	1	null	null	null	null	null	null	null	null	null	null	null	null	null	null	null	1	null	null	null	null	null	null	1	null	null	null	1	null	null	null	null
"data/Scratch_Conf_data/Anne"	"Name86.sb2"	"Anne"	null	null	null	null	null	null	null	null	null	null	null	null	NaN	null	null	null	null	null	null	null	1	null	null	null	null	null	null	null	null	null	null	null	null	null	null	null	null	null	null	null	2	1.0	null	null	null	null	null	null	null	null	null	null	null	null	1	1	null	null	null	1	null	null	null	null	1	null	null	null	null	null	null	null	null	null	null	null	null	null	null	null	1	null	null	null	null	null	null	1	null	null	null	1	null	null	null	null
"data/Scratch_Conf_data/Anne"	"Name87.sb2"	"Anne"	null	null	null	null	null	null	null	null	null	null	null	null	NaN	null	null	null	null	null	null	null	1	null	null	null	null	null	null	null	null	null	null	null	null	null	null	null	null	null	null	null	3	1.0	null	null	null	null	null	null	null	null	null	null	null	null	1	1	null	null	null	1	1	null	null	null	1	null	null	null	null	null	null	null	null	null	null	null	null	null	null	null	1	null	null	null	null	null	null	1	null	null	null	1	null	null	null	null
"data/Scratch_Conf_data/Anne"	"Name88.sb2"	"Anne"	null	null	null	null	null	null	null	null	null	null	null	null	NaN	null	null	null	null	null	null	null	1	null	null	null	null	null	null	null	null	null	null	null	null	null	null	null	null	null	null	null	4	1.0	null	null	null	null	null	null	null	null	null	null	null	null	1	1	null	null	null	2	1	null	null	null	1	null	null	null	null	null	null	null	null	null	null	null	null	null	null	null	1	null	null	null	null	null	null	1	null	null	null	1	null	null	null	null
"data/Scratch_Conf_data/Anne"	"Name89.sb2"	"Anne"	null	null	null	null	null	null	null	null	null	null	null	null	NaN	null	null	null	null	null	null	null	1	null	null	null	null	null	null	null	null	null	null	null	null	null	null	null	null	null	null	null	6	1.0	null	null	null	null	null	null	null	null	null	null	null	null	1	1	null	null	null	3	2	null	null	null	1	null	null	null	null	null	null	null	null	null	null	null	null	null	null	null	1	null	null	null	null	null	null	1	null	null	null	1	null	null	null	null
"data/Scratch_Conf_data/Anne"	"Name90.sb2"	"Anne"	null	null	null	null	null	null	null	null	null	null	null	null	NaN	null	null	null	null	null	null	null	1	null	null	null	null	null	null	null	null	null	null	null	null	null	null	null	null	null	null	null	7	1.0	null	null	null	null	null	null	null	null	null	null	null	null	1	1	null	null	null	3	3	null	null	null	1	null	null	null	null	null	null	null	null	null	null	null	null	null	null	null	1	null	null	null	null	null	null	1	null	null	null	1	null	null	null	null
"data/Scratch_Conf_data/Anne"	"Name91.sb2"	"Anne"	null	null	null	null	null	null	null	null	null	null	null	null	NaN	null	null	null	null	null	null	null	1	null	null	null	null	null	null	null	null	null	null	null	null	null	null	null	null	null	null	null	8	1.0	null	null	null	null	null	null	null	null	null	null	null	null	2	1	null	null	null	3	3	null	null	null	1	null	null	null	null	null	null	null	null	null	null	null	null	null	null	null	1	null	null	null	null	1	null	1	null	null	null	1	null	null	null	null
"data/Scratch_Conf_data/Anne"	"Name92.sb2"	"Anne"	null	null	null	null	null	null	null	null	null	null	null	null	NaN	null	null	null	null	null	null	null	1	null	null	null	null	null	null	null	null	null	null	null	null	null	null	null	null	null	null	null	9	1.0	null	null	null	null	null	null	null	null	null	null	null	null	2	1	null	null	null	4	3	null	null	null	1	null	null	null	null	null	null	null	null	null	null	null	null	null	null	null	1	null	null	null	null	1	null	1	null	null	null	1	null	null	null	null
"data/Scratch_Conf_data/Anne"	"Name93.sb2"	"Anne"	null	null	null	null	null	null	null	null	null	null	null	null	NaN	null	null	null	null	null	null	null	1	null	null	null	null	null	null	null	null	null	null	null	null	null	null	null	null	null	null	null	10	1.0	null	null	null	null	null	null	null	null	null	null	null	null	2	1	null	null	null	4	4	null	null	null	1	null	null	null	null	null	null	null	null	null	null	null	null	null	null	null	1	null	null	null	null	1	null	1	null	null	null	1	null	null	null	null
"data/Scratch_Conf_data/Anne"	"Name94.sb2"	"Anne"	null	null	null	null	null	null	null	null	null	null	null	null	NaN	null	null	null	null	null	null	null	1	null	null	null	null	null	null	null	null	null	null	null	null	null	null	null	null	null	null	null	11	1.0	null	null	null	null	null	null	null	null	null	null	null	null	2	1	null	null	null	5	5	null	null	null	1	null	null	null	null	null	null	null	null	null	null	null	null	null	null	null	1	null	null	null	null	1	null	1	null	null	null	1	null	null	null	null
"data/Scratch_Conf_data/Anne"	"Name95.sb2"	"Anne"	null	null	null	null	null	null	null	null	null	null	null	null	NaN	null	null	null	null	null	null	null	1	null	null	null	null	null	null	null	null	null	null	null	null	null	null	null	null	null	null	null	12	1.0	null	null	null	null	null	null	null	null	null	null	null	null	2	1	null	null	null	6	5	null	null	null	1	null	null	null	null	null	null	null	null	null	null	null	null	null	null	null	1	null	null	null	null	1	null	1	null	null	null	1	null	null	null	null
"data/Scratch_Conf_data/Anne"	"Name96.sb2"	"Anne"	null	null	null	null	null	null	null	null	null	null	null	null	NaN	null	null	null	null	null	null	null	1	null	null	null	null	null	null	null	null	null	null	null	null	null	null	null	null	null	null	null	16	1.0	null	null	null	null	null	null	null	null	null	null	null	null	3	1	null	null	null	7	7	null	null	null	1	null	null	null	null	null	null	null	null	null	null	null	null	null	null	null	1	null	null	null	null	2	null	1	null	null	null	1	null	null	null	null
"data/Scratch_Conf_data/Anne"	"Name97.sb2"	"Anne"	null	null	null	null	null	null	null	null	null	null	null	null	NaN	null	null	null	null	null	null	null	1	null	null	null	null	null	null	null	null	null	null	null	null	null	null	null	null	null	null	null	17	1.0	null	null	null	null	null	null	null	null	null	null	null	null	3	1	null	null	null	8	7	null	null	null	1	null	null	null	null	null	null	null	null	null	null	null	null	null	null	null	1	null	null	null	null	2	null	1	null	null	null	1	null	null	null	null
"data/Scratch_Conf_data/Anne"	"Name98.sb2"	"Anne"	null	null	null	null	null	null	null	null	null	null	null	null	NaN	null	null	null	null	null	null	null	1	null	null	null	null	null	null	null	null	null	null	null	null	null	null	null	null	null	null	null	18	1.0	null	null	null	null	null	null	null	null	null	null	null	null	3	1	null	null	null	8	7	null	null	null	1	null	null	null	null	null	null	null	null	null	null	null	null	null	null	null	1	null	null	null	null	2	null	1	null	null	null	1	null	null	null	null
"data/Scratch_Conf_data/Anne"	"Name99.sb2"	"Anne"	null	null	null	null	null	null	null	null	null	null	null	null	NaN	null	null	null	null	null	null	null	1	null	null	null	null	null	null	null	null	null	null	null	null	null	null	null	null	null	null	null	19	1.0	null	null	null	null	null	null	null	null	null	null	null	null	3	1	null	null	null	8	7	null	null	null	1	null	null	null	null	null	null	null	null	null	null	null	null	null	null	null	1	null	null	null	null	2	null	1	null	null	null	1	null	null	null	null
"data/Scratch_Conf_data/Aug 8-assessment"	"A Winter Day 10.sb2"	"Aug 8-assessment"	null	null	null	null	null	null	null	null	null	null	null	null	NaN	null	null	null	null	null	null	null	null	null	null	null	null	null	null	null	null	null	null	1	null	null	1	null	null	5	null	null	1	0.2	4	null	null	null	null	null	null	null	null	null	null	null	null	null	4	null	null	null	null	null	2	null	1	null	null	null	null	null	null	null	null	null	null	1	2	null	null	1	5	null	null	null	null	6	null	1	null	3	1	5	3	null	3	null
"data/Scratch_Conf_data/Aug 8-assessment"	"A Winter Day 7.sb2"	"Aug 8-assessment"	null	null	null	null	null	null	null	null	null	null	null	null	NaN	null	null	null	null	null	null	null	null	null	null	null	null	null	null	null	null	null	null	1	null	null	null	null	null	5	null	null	null	0.25	3	null	null	null	null	null	null	null	null	null	null	null	null	null	4	null	null	null	null	null	null	null	1	null	null	null	null	null	null	null	null	null	null	null	1	null	null	null	4	null	null	null	null	4	null	1	null	2	1	4	3	null	3	null
"data/Scratch_Conf_data/Aug 8-assessment"	"A Winter Day 8.sb2"	"Aug 8-assessment"	null	null	null	null	null	null	null	null	null	null	null	null	NaN	null	null	null	null	null	null	null	null	null	null	null	null	null	null	null	null	null	null	1	null	null	null	null	null	5	null	null	null	0.2	3	null	null	null	null	null	null	null	null	null	null	null	null	null	4	null	null	null	null	null	null	null	1	null	null	null	null	null	null	null	null	null	null	1	1	null	null	null	5	null	null	null	null	4	null	1	null	3	1	5	3	null	3	null
"data/Scratch_Conf_data/Aug 8-assessment"	"A Winter Day 9.sb2"	"Aug 8-assessment"	null	null	null	null	null	null	null	null	null	null	null	null	NaN	null	null	null	null	null	null	null	null	null	null	null	null	null	null	null	null	null	null	1	null	null	1	null	null	5	null	null	null	0.2	4	null	null	null	null	null	null	null	null	null	null	null	null	null	4	null	null	null	null	null	1	null	1	null	null	null	null	null	null	null	null	null	null	1	2	null	null	1	5	null	null	null	null	6	null	1	null	3	1	5	3	null	3	null
"data/Scratch_Conf_data/Aug 8-assessment"	"A Winter Day-11.sb2"	"Aug 8-assessment"	null	null	null	null	null	null	null	null	null	null	null	null	NaN	null	null	null	null	null	null	null	null	null	null	null	null	null	null	null	null	null	null	1	null	null	1	null	null	5	null	null	1	0.2	4	null	null	null	null	null	null	null	null	null	null	null	null	null	4	null	null	null	null	null	2	null	1	null	null	null	null	null	null	null	null	null	null	1	2	null	null	1	5	null	null	null	null	6	null	1	null	3	1	5	3	null	3	null
"data/Scratch_Conf_data/Dance Party Remixes"	"Dance Party remix1.sb2"	"Dance Party Remixes"	null	null	null	null	null	null	null	null	null	null	null	null	NaN	null	2	1	null	null	null	null	null	null	null	null	null	null	null	6	null	null	1	null	null	null	null	null	null	4	null	null	null	0.6	null	null	null	null	null	null	null	null	null	6	1	null	null	null	null	null	null	null	null	null	null	null	6	null	null	null	null	null	null	null	null	null	null	null	null	null	null	null	10	null	null	null	2	3	null	6	null	null	null	6	null	null	null	null
"data/Scratch_Conf_data/Dance Party Remixes"	"Dance Party remix2.sb2"	"Dance Party Remixes"	null	null	null	null	null	null	null	null	null	null	null	null	NaN	null	2	1	null	null	null	null	null	null	null	null	null	null	null	6	null	1	1	null	null	null	null	null	null	4	null	null	null	0.6363636363636364	null	null	null	null	1	null	null	null	null	6	1	null	null	null	null	null	null	null	null	null	null	null	7	null	null	null	null	null	null	null	1	null	null	null	null	null	null	null	11	1	null	null	2	3	null	7	null	null	null	7	null	null	null	null
"data/Scratch_Conf_data/Dance Party Remixes"	"Dance Party remix3.sb2"	"Dance Party Remixes"	null	null	null	null	null	null	null	null	null	null	null	null	NaN	null	2	1	null	null	null	null	null	null	null	null	null	null	null	7	null	1	1	null	null	null	null	null	null	4	null	null	null	0.6363636363636364	null	null	null	null	1	null	null	null	null	6	1	null	null	null	null	null	null	null	null	null	null	null	7	null	null	null	null	null	null	null	1	null	null	null	null	null	null	null	11	1	null	null	2	3	null	7	null	null	null	7	null	null	null	null
"data/Scratch_Conf_data/Dance Party Remixes"	"Dance Party remix4.sb2"	"Dance Party Remixes"	null	null	null	null	null	null	null	null	null	null	null	null	NaN	null	3	1	null	null	null	null	null	null	null	null	null	null	null	7	null	1	1	null	null	null	null	null	null	4	null	null	null	0.6363636363636364	null	null	null	null	1	null	null	null	null	6	1	null	null	null	null	null	null	null	null	null	null	null	7	null	null	null	null	null	null	null	1	null	null	null	null	null	null	null	11	1	null	null	2	3	null	7	null	null	null	7	null	null	null	null
"data/Scratch_Conf_data/Dance Party Remixes"	"Dance Party remix5.sb2"	"Dance Party Remixes"	null	null	null	null	null	null	null	null	null	null	null	null	NaN	null	3	1	null	null	null	null	null	null	null	null	null	null	null	7	1	2	1	null	null	null	null	null	null	4	null	null	null	0.7777777777777778	null	null	null	null	1	null	null	null	null	6	1	null	null	null	1	null	null	null	null	null	null	null	7	null	null	null	null	null	null	null	1	1	null	null	null	null	null	null	9	1	null	null	2	3	null	7	null	null	null	7	null	null	null	null
"data/Scratch_Conf_data/Gaby"	"mouse vs cat.sb2"	"Gaby"	null	null	null	null	null	null	null	null	null	null	null	7	1.1666666666666667	null	null	null	5	null	null	null	null	null	null	null	null	null	null	null	null	1	null	null	2	5	2	null	null	null	null	null	2	0.5384615384615384	null	null	null	null	5	null	null	null	null	null	null	null	null	null	3	2	null	null	null	1	2	null	7	null	null	null	1	null	null	null	5	null	null	null	null	5	1	null	13	null	null	null	null	null	null	7	6	null	null	13	null	1	null	null
"data/Scratch_Conf_data/Gobo"	"apple fall.sb2"	"Gobo"	null	null	null	null	null	null	null	null	null	null	null	3	0.25	null	null	null	5	null	null	4	null	3	null	null	null	null	null	8	null	8	null	null	1	null	2	null	null	1	null	null	10	0.2777777777777778	null	null	null	null	11	null	null	null	null	null	null	null	null	null	null	null	null	null	null	1	null	2	10	null	null	4	2	null	null	null	12	null	1	3	null	null	null	null	36	null	null	null	null	11	1	10	12	2	10	35	null	null	null	4
"data/Scratch_Conf_data/Gobo"	"Gobo Friend Rescue! remix.sb2"	"Gobo"	null	null	null	null	null	null	null	null	null	null	null	1	1.0	null	null	null	4	null	null	4	null	null	null	null	null	null	null	8	null	8	null	null	null	null	2	null	null	null	null	null	9	0.75	null	null	null	null	null	null	null	null	null	null	null	null	null	null	null	null	null	null	null	null	null	null	9	null	null	4	1	null	null	null	4	null	null	null	null	null	null	null	12	null	null	null	null	8	null	9	1	2	null	12	null	null	null	4
"data/Scratch_Conf_data/maze-game-w-levels"	"Maze Game with Levels-1.sb2"	"maze-game-w-levels"	null	null	null	null	null	null	null	null	null	null	null	3	1.0	null	null	null	null	null	2	2	null	null	null	null	null	null	null	3	null	6	null	null	null	null	null	null	null	null	null	null	4	0.125	null	null	null	null	null	null	null	null	null	null	null	null	null	null	null	null	null	null	null	null	1	4	1	null	null	null	null	null	null	null	null	null	null	4	null	3	null	null	8	null	null	null	null	null	null	1	3	4	null	8	null	null	null	null
"data/Scratch_Conf_data/maze-game-w-levels"	"Maze Game with Levels-2.sb2"	"maze-game-w-levels"	null	null	null	null	null	null	null	null	null	null	null	3	1.0	null	null	null	null	null	2	2	null	null	null	null	null	null	null	3	null	6	null	null	null	null	null	null	null	null	null	null	4	0.125	null	null	null	null	null	null	null	null	null	null	null	null	null	null	null	null	null	null	null	null	1	4	1	null	null	null	null	null	null	null	null	null	null	4	null	3	null	null	8	null	null	null	null	null	null	1	3	4	null	8	null	null	null	null
"data/Scratch_Conf_data/maze-game-w-levels"	"Maze Game with Levels-3.sb2"	"maze-game-w-levels"	null	null	null	null	null	null	null	null	null	null	null	3	1.0	null	null	null	null	null	2	2	null	null	null	null	null	null	null	3	null	6	null	null	null	null	null	null	null	null	null	null	4	0.125	null	null	null	null	null	null	null	null	null	null	null	null	null	null	3	null	null	null	null	null	1	4	1	null	null	null	null	null	null	null	null	null	null	4	null	3	null	null	8	null	null	null	null	null	null	1	3	4	null	8	null	null	null	null
"data/Scratch_Conf_data/maze-game-w-levels"	"Maze Game with Levels-4.sb2"	"maze-game-w-levels"	null	null	null	null	null	null	null	null	null	null	null	3	1.0	null	null	null	null	null	2	2	null	null	null	null	null	null	null	3	null	6	null	null	null	null	null	null	null	null	null	null	4	0.125	null	null	null	null	null	null	null	null	null	null	null	null	null	null	3	null	null	null	null	null	1	5	1	null	null	null	null	null	null	null	null	null	null	4	null	3	null	null	8	null	null	null	null	null	null	1	3	4	null	8	null	null	null	null
"data/Scratch_Conf_data/maze-game-w-levels"	"Maze Game with Levels-5.sb2"	"maze-game-w-levels"	null	null	null	null	null	null	null	null	null	null	null	3	1.0	null	3	null	null	null	2	2	null	null	null	null	null	null	null	3	null	6	null	null	null	null	null	null	null	null	null	null	4	0.125	null	null	null	null	null	null	null	null	null	null	null	null	null	null	3	null	null	null	null	null	1	5	1	null	null	null	null	null	null	null	null	null	null	4	null	3	null	null	8	null	null	null	null	null	null	1	3	4	null	8	null	null	null	null
"data/Scratch_Conf_data/maze-game-w-levels"	"Maze Game with Levels-6.sb2"	"maze-game-w-levels"	null	null	null	null	null	null	null	null	null	null	null	3	1.0	null	3	null	null	null	2	2	null	null	null	null	null	null	null	3	null	6	null	null	null	null	null	null	null	null	null	null	4	0.125	null	null	null	null	null	null	null	null	null	null	null	null	null	null	3	null	null	null	null	null	1	5	1	null	null	null	null	null	null	null	null	null	null	4	null	3	null	null	8	null	null	null	null	null	null	1	3	4	null	8	null	null	null	null
"data/Scratch_Conf_data/Poptart Land"	"Pop Tart Land (final).sb2"	"Poptart Land"	null	null	null	null	null	1	null	null	null	null	2	1	0.25	null	null	null	5	null	1	null	null	null	null	null	null	null	null	10	3	15	1	1	null	1	1	null	null	2	null	null	7	0.53125	null	null	null	null	14	null	null	null	null	null	null	2	null	null	1	null	null	null	null	14	null	1	17	null	null	null	14	null	null	null	11	null	null	4	null	null	null	null	32	null	null	null	null	1	null	17	4	2	3	26	1	null	4	3
"data/Scratch_Conf_data/Poptart Land"	"Poptart Land (early).sb2"	"Poptart Land"	null	null	null	null	null	null	null	null	null	null	1	1	0.3333333333333333	null	null	null	4	null	1	null	null	null	null	null	null	null	null	9	3	13	1	null	null	null	null	null	null	2	null	null	4	0.7647058823529411	null	null	null	null	8	null	null	null	null	null	null	2	null	null	1	null	null	null	null	15	null	1	13	null	null	null	14	null	null	null	6	null	null	3	null	null	null	null	17	null	null	null	null	1	null	13	3	1	null	17	1	null	4	3
"data/Scratch_Conf_data/scratch assessment"	"test1.sb2"	"scratch assessment"	null	null	null	null	null	null	null	null	null	null	null	null	NaN	null	null	null	null	null	null	null	null	null	null	null	null	null	null	null	null	null	null	null	null	null	2	null	null	null	null	null	null	1.0	null	null	null	null	null	null	null	null	null	null	null	null	null	null	null	null	null	null	null	null	1	null	1	null	null	null	null	null	null	null	null	null	null	null	null	null	null	null	1	null	null	null	1	null	null	1	null	null	null	1	null	null	null	null
"data/Scratch_Conf_data/scratch assessment"	"test10.sb2"	"scratch assessment"	null	null	null	null	null	null	null	null	null	null	null	1	1.0	null	null	1	null	null	null	null	null	null	null	null	null	null	null	null	null	null	null	2	null	null	5	null	null	null	null	null	1	0.5	null	null	null	null	null	null	null	null	null	null	null	null	null	null	null	null	null	null	null	null	1	1	1	null	1	4	null	null	null	null	null	null	null	null	null	null	1	null	2	null	null	null	1	2	null	1	1	null	null	2	null	null	null	null
"data/Scratch_Conf_data/scratch assessment"	"test2.sb2"	"scratch assessment"	null	null	null	null	null	null	null	null	null	null	null	null	NaN	null	null	null	null	null	null	null	null	null	null	null	null	null	null	null	null	null	null	null	null	null	2	null	null	null	null	null	null	1.0	null	null	null	null	null	null	null	null	null	null	null	null	null	null	null	null	null	null	null	null	1	null	1	null	1	null	null	null	null	null	null	null	null	null	null	null	null	null	1	null	null	null	1	null	null	1	null	null	null	1	null	null	null	null
"data/Scratch_Conf_data/scratch assessment"	"test3.sb2"	"scratch assessment"	null	null	null	null	null	null	null	null	null	null	null	null	NaN	null	null	1	null	null	null	null	null	null	null	null	null	null	null	null	null	null	null	1	null	null	2	null	null	null	null	null	null	1.0	null	null	null	null	null	null	null	null	null	null	null	null	null	null	null	null	null	null	null	null	1	null	1	null	1	null	null	null	null	null	null	null	null	null	null	null	null	null	1	null	null	null	1	null	null	1	null	null	null	1	null	null	null	null
"data/Scratch_Conf_data/scratch assessment"	"test4.sb2"	"scratch assessment"	null	null	null	null	null	null	null	null	null	null	null	null	NaN	null	null	1	null	null	null	null	null	null	null	null	null	null	null	null	null	null	null	1	null	null	2	null	null	null	null	null	null	1.0	null	null	null	null	null	null	null	null	null	null	null	null	null	null	null	null	null	null	null	null	1	null	1	null	1	null	null	null	null	null	null	null	null	null	null	null	1	null	1	null	null	null	1	2	null	1	null	null	null	1	null	null	null	null
"data/Scratch_Conf_data/scratch assessment"	"test5.sb2"	"scratch assessment"	null	null	null	null	null	null	null	null	null	null	null	null	NaN	null	null	1	null	null	null	null	null	null	null	null	null	null	null	null	null	null	null	1	null	null	2	null	null	null	null	null	null	1.0	null	null	null	null	null	null	null	null	null	null	null	null	null	null	null	null	null	null	null	null	1	null	1	null	1	null	null	null	null	null	null	null	null	null	null	null	1	null	1	null	null	null	1	null	null	1	null	null	null	1	null	null	null	null
"data/Scratch_Conf_data/scratch assessment"	"test6.sb2"	"scratch assessment"	null	null	null	null	null	null	null	null	null	null	null	1	1.0	null	null	1	null	null	null	null	null	null	null	null	null	null	null	null	null	null	null	2	null	null	4	null	null	null	null	null	null	0.5	null	null	null	null	null	null	null	null	null	null	null	null	null	null	null	null	null	null	null	null	1	1	1	null	1	null	null	null	null	null	null	null	null	null	null	null	1	null	2	null	null	null	1	null	null	1	1	null	null	2	null	null	null	null
"data/Scratch_Conf_data/scratch assessment"	"test7.sb2"	"scratch assessment"	null	null	null	null	null	null	null	null	null	null	null	1	1.0	null	null	1	null	null	null	null	null	null	null	null	null	null	null	null	null	null	null	2	null	null	5	null	null	null	null	null	null	0.5	null	null	null	null	null	null	null	null	null	null	null	null	null	null	null	null	null	null	null	null	1	1	1	null	1	null	null	null	null	null	null	null	null	null	null	null	1	null	2	null	null	null	1	2	null	1	1	null	null	2	null	null	null	null
"data/Scratch_Conf_data/scratch assessment"	"test8.sb2"	"scratch assessment"	null	null	null	null	null	null	null	null	null	null	null	1	1.0	null	null	1	null	null	null	null	null	null	null	null	null	null	null	null	null	null	null	2	null	null	5	null	null	null	null	null	1	0.5	null	null	null	null	null	null	null	null	null	null	null	null	null	null	null	null	null	null	null	null	1	1	1	null	1	null	null	null	null	null	null	null	null	null	null	null	1	null	2	null	null	null	1	2	null	1	1	null	null	2	null	null	null	null
"data/Scratch_Conf_data/scratch assessment"	"test9.sb2"	"scratch assessment"	null	null	null	null	null	null	null	null	null	null	null	1	1.0	null	null	2	null	null	null	null	null	null	null	null	null	null	null	null	null	null	null	2	null	null	5	null	null	null	null	null	1	0.3333333333333333	null	null	null	null	null	null	null	null	null	null	null	null	null	null	null	null	null	null	null	null	1	1	1	null	1	1	null	null	null	null	null	null	null	null	null	null	1	null	3	null	null	null	1	2	null	1	1	null	null	2	null	null	null	null
"data/Scratch_Conf_data/simon"	"1.sb2"	"simon"	null	null	null	null	null	null	null	null	null	null	null	null	NaN	null	null	null	null	null	null	null	1	null	null	null	null	null	null	null	null	null	null	1	null	null	1	null	null	null	null	null	1	0.0	null	null	null	null	null	null	null	null	null	null	null	null	null	null	null	null	null	1	1	null	null	null	0	null	null	null	null	null	null	null	null	null	null	null	null	null	null	null	1	null	null	null	1	null	null	null	null	null	null	0	null	null	null	null
"data/Scratch_Conf_data/simon"	"2.sb2"	"simon"	null	null	null	null	null	null	null	null	null	null	null	null	NaN	null	null	null	null	null	null	null	1	null	null	null	null	null	null	null	null	null	null	1	null	null	1	null	null	null	null	null	1	0.0	null	null	null	null	1	null	null	null	null	null	null	null	null	null	null	null	null	1	1	null	null	null	0	null	null	null	1	null	null	null	null	null	null	null	null	null	null	null	1	null	null	null	1	null	null	null	null	null	null	0	null	null	null	null
"data/Scratch_Conf_data/simon"	"3.sb2"	"simon"	null	null	null	null	null	null	null	null	null	null	null	null	NaN	null	null	null	null	null	null	null	1	null	null	null	null	null	null	null	null	null	null	2	null	null	1	null	null	null	null	null	1	0.0	null	null	null	null	1	null	null	null	null	null	null	null	null	null	null	null	null	1	1	null	null	null	0	null	null	null	1	null	null	null	null	null	null	null	null	null	null	null	1	null	null	null	2	null	null	null	null	null	null	0	null	null	null	null
"data/Scratch_Conf_data/simon"	"4.sb2"	"simon"	null	null	null	null	null	null	null	null	null	null	null	1	1.0	null	null	null	null	null	null	null	1	null	null	null	null	null	null	null	null	null	null	2	null	null	1	null	null	null	null	null	1	0.0	null	null	null	null	1	null	null	null	null	null	null	null	1	null	null	null	null	1	1	null	null	null	0	null	null	null	1	null	null	null	null	null	null	null	null	null	null	null	2	null	null	null	2	null	1	null	1	null	null	2	null	null	null	null
"data/Scratch_Conf_data/simon"	"5.sb2"	"simon"	null	null	null	null	null	null	null	null	null	null	null	2	1.0	null	null	null	null	null	null	null	2	null	null	null	null	null	null	null	null	null	null	4	null	null	2	null	null	null	null	null	2	0.0	null	null	null	null	2	null	null	null	null	null	null	null	2	null	null	null	null	2	2	null	null	null	0	null	null	null	2	null	null	null	null	null	null	null	null	null	null	null	4	null	null	null	4	null	2	null	2	null	null	4	null	null	null	null
"data/Scratch_Conf_data/simon"	"6.sb2"	"simon"	null	null	null	null	null	null	null	null	null	null	null	2	1.0	null	null	null	null	null	null	null	3	null	null	null	null	null	null	null	null	null	null	4	null	null	2	null	null	null	null	null	2	0.0	null	null	null	null	2	null	null	null	null	null	null	null	2	null	null	null	null	2	2	null	null	null	0	null	null	null	2	null	null	null	null	null	null	null	null	null	null	null	5	null	null	null	4	null	2	null	2	null	null	4	null	null	null	null
"data/Scratch_Conf_data/steve"	"scrat2moon1.sb2"	"steve"	null	null	null	null	null	null	null	null	1	null	1	null	0.0	null	null	null	1	null	null	null	null	1	null	null	null	1	null	11	null	13	null	null	null	1	1	null	null	28	null	1	2	0.46153846153846156	null	null	null	null	4	11	null	null	null	2	null	null	null	null	null	1	null	null	null	12	null	null	12	null	null	null	2	null	null	null	4	null	null	null	null	null	null	null	26	null	null	2	null	5	null	12	1	null	null	13	null	null	null	null
"data/Scratch_Conf_data/steve"	"scrat2moon2.sb2"	"steve"	null	null	null	null	null	null	null	null	1	null	1	null	0.0	null	null	null	1	null	null	null	null	1	null	null	null	1	null	11	null	13	null	null	null	1	1	null	null	28	null	1	2	0.46153846153846156	null	null	null	null	4	11	null	null	null	2	null	null	null	null	null	1	null	null	null	12	null	null	12	null	null	null	2	null	null	null	4	null	null	null	null	null	null	null	26	null	null	2	null	5	null	12	1	null	null	13	null	null	null	null
